source,title,authors,subfield,published
arxiv,"Kurt Lewin, psychological constructs and sources of brain cognitive activity",Włodzisław Duch,,2017-11-06T07:58:14Z
arxiv,Nondistributivity of human logic and violation of response replicability effect in cognitive psychology,"Masanao Ozawa, Andrei Khrennikov",,2022-08-27T07:13:21Z
arxiv,How do Visualization Designers Think? Design Cognition as a Core Aspect of Visualization Psychology,Paul Parsons,,2020-09-29T03:57:57Z
arxiv,"On selective influences, marginal selectivity, and Bell/CHSH inequalities","Ehtibar N. Dzhafarov, Janne V. Kujala",,2012-11-10T18:21:44Z
arxiv,Mind meets machine: Unravelling GPT-4's cognitive psychology,"Sifatkaur Dhingra, Manmeet Singh, Vaisakh SB, Neetiraj Malviya, Sukhpal Singh Gill",,2023-03-20T20:28:26Z
arxiv,On Dynamical Systems Theory in Quantitative Psychology and Cognition Science: A Fair Discrimination Between Deterministic and Statistical Counterparts Is Required,"Adam Gadomski, Marcel Ausloos, Tahlia Casey",,2017-06-27T21:32:13Z
arxiv,AI Through the Human Lens: Investigating Cognitive Theories in Machine Psychology,"Akash Kundu, Rishika Goswami",,2025-06-22T19:58:19Z
arxiv,"A Framework of Defining, Modeling, and Analyzing Cognition Mechanisms",Amir Fayezioghani,,2023-11-13T12:31:46Z
arxiv,Advancing Perception in Artificial Intelligence through Principles of Cognitive Science,"Palaash Agrawal, Cheston Tan, Heena Rathore",,2023-10-13T01:21:55Z
arxiv,Using cognitive psychology to understand GPT-3,"Marcel Binz, Eric Schulz",,2022-06-21T20:06:03Z
arxiv,Psychology of Artificial Intelligence: Epistemological Markers of the Cognitive Analysis of Neural Networks,Michael Pichat,,2024-07-04T12:53:05Z
arxiv,Improving Language Models for Emotion Analysis: Insights from Cognitive Science,"Constant Bonard, Gustave Cortal",,2024-06-11T07:42:13Z
arxiv,Cognitive Psychology for Deep Neural Networks: A Shape Bias Case Study,"Samuel Ritter, David G. T. Barrett, Adam Santoro, Matt M. Botvinick",,2017-06-26T21:31:18Z
arxiv,Self-Emotion-Mediated Exploration in Artificial Intelligence Mirrors: Findings from Cognitive Psychology,"Gustavo Assunção, Miguel Castelo-Branco, Paulo Menezes",,2023-02-13T18:20:44Z
arxiv,The Import and Export of Cognitive Science,"Rob Goldstone, Loet Leydesdorff",,2009-11-18T20:00:02Z
arxiv,False positives using social cognitive mapping to identify childrens' peer groups,"Zachary Neal, Jennifer Watling Neal, Rachel Domagalski",,2019-11-13T18:23:45Z
arxiv,Applying Quantum Principles to Psychology,"Jerome R Busemeyer, Zheng Wang, Andrei Khrennikov, Irina Basieva",,2014-05-25T20:30:58Z
arxiv,A model of quantum-like decision-making with applications to psychology and cognitive science,Andrei Khrennikov,,2007-11-08T21:17:26Z
arxiv,Exploring the Psychological Basis for Transitions in the Archaeological Record,"Liane Gabora, Cameron M. Smith",,2018-12-13T23:09:31Z
arxiv,Games Agents Play: Towards Transactional Analysis in LLM-based Multi-Agent Systems,"Monika Zamojska, Jarosław A. Chudziak",,2025-07-28T21:46:21Z
arxiv,Psychological Assessments with Large Language Models: A Privacy-Focused and Cost-Effective Approach,Sergi Blanco-Cuaresma,,2024-02-05T19:00:02Z
arxiv,Interdisciplinary Methods in Computational Creativity: How Human Variables Shape Human-Inspired AI Research,"Nadia M. Ady, Faun Rice",,2023-06-29T16:17:04Z
arxiv,Psychological State in Text: A Limitation of Sentiment Analysis,"Hwiyeol Jo, Jeong Ryu",,2018-06-03T08:52:23Z
arxiv,A Multi-Component AI Framework for Computational Psychology: From Robust Predictive Modeling to Deployed Generative Dialogue,Anant Pareek,,2025-09-16T13:33:40Z
arxiv,Computer applications in clinical psychology,Alina Oana Zamoşteanu,,2012-02-27T14:19:14Z
arxiv,The Gestalt Computational Model by Persistent Homology,"Yu Chen, Hongwei Lin, Jiacong Yan",,2024-05-31T02:31:28Z
arxiv,Computer Administering of the Psychological Investigations: Set-relational Representation,"Krasimir Yordzhev, Ivelina Peneva",,2012-07-03T12:54:41Z
arxiv,Understanding and Countering Stereotypes: A Computational Approach to the Stereotype Content Model,"Kathleen C. Fraser, Isar Nejadgholi, Svetlana Kiritchenko",,2021-06-04T16:53:37Z
arxiv,Computational Emotion Analysis From Images: Recent Advances and Future Directions,"Sicheng Zhao, Quanwei Huang, Youbao Tang, Xingxu Yao, Jufeng Yang, Guiguang Ding, Björn W. Schuller",,2021-03-19T13:33:34Z
arxiv,Computational Psychology to Embed Emotions into News or Advertisements to Increase Reader Affinity,"Hrishikesh Kulkarni, P Joshi, P Chande",,2019-10-14T16:12:21Z
arxiv,"Time Perception: A Review on Psychological, Computational and Robotic Models","Hamit Basgol, Inci Ayhan, Emre Ugur",,2020-07-23T08:16:47Z
arxiv,Machine Psychology,"Thilo Hagendorff, Ishita Dasgupta, Marcel Binz, Stephanie C. Y. Chan, Andrew Lampinen, Jane X. Wang, Zeynep Akata, Eric Schulz",,2023-03-24T13:24:41Z
arxiv,Towards the development of Dynamic Networked Psychology Hypotheses,Liaquat Hossain,,2023-01-15T16:25:49Z
arxiv,From Prompts to Constructs: A Dual-Validity Framework for LLM Research in Psychology,Zhicheng Lin,,2025-06-20T02:38:42Z
arxiv,Honing Theory: A Complex Systems Framework for Creativity,Liane Gabora,,2016-10-08T04:40:41Z
arxiv,What we really want to find by Sentiment Analysis: The Relationship between Computational Models and Psychological State,"Hwiyeol Jo, Soo-Min Kim, Jeong Ryu",,2017-04-11T16:42:55Z
arxiv,Automating psychological hypothesis generation with AI: when large language models meet causal graph,"Song Tong, Kai Mao, Zhen Huang, Yukun Zhao, Kaiping Peng",,2024-02-22T10:12:16Z
arxiv,Surveying the Dead Minds: Historical-Psychological Text Analysis with Contextualized Construct Representation (CCR) for Classical Chinese,"Yuqi Chen, Sixuan Li, Ying Li, Mohammad Atari",,2024-03-01T13:14:45Z
arxiv,A validity-guided workflow for robust large language model research in psychology,Zhicheng Lin,,2025-07-06T18:06:12Z
arxiv,A Proposal for Extending the Common Model of Cognition to Emotion,"Paul S. Rosenbloom, John E. Laird, Christian Lebiere, Andrea Stocco, Richard H. Granger, Christian Huyck",,2024-12-19T00:54:32Z
arxiv,A Computational Model for Situated Task Learning with Interactive Instruction,"Shiwali Mohan, James Kirk, John Laird",,2016-04-23T02:23:14Z
arxiv,Neural Models of the Psychosemantics of `Most',"Lewis O'Sullivan, Shane Steinert-Threlkeld",,2019-04-04T18:14:23Z
arxiv,Cognitive Modeling of Semantic Fluency Using Transformers,"Animesh Nighojkar, Anna Khlyzova, John Licato",,2022-08-20T16:48:04Z
arxiv,Enhancing Cognitive Models of Emotions with Representation Learning,"Yuting Guo, Jinho Choi",,2021-04-20T16:55:15Z
arxiv,Beyond DAGs: Modeling Causal Feedback with Fuzzy Cognitive Maps,"Osonde Osoba, Bart Kosko",,2019-06-26T16:27:01Z
arxiv,Modeling Human Behavior Part II -- Cognitive approaches and Uncertainty,"Andrew Fuchs, Andrea Passarella, Marco Conti",,2022-05-13T07:29:15Z
arxiv,Cognitive Modelling Aspects of Neurodevelopmental Disorders Using Standard and Oscillating Neighbourhood SOM Neural Networks,"Spyridon Revithis, Nadine Marcus",,2025-07-16T18:33:16Z
arxiv,A structural model of intuitive probability,Jean-Louis Dessalles,,2011-08-22T11:19:21Z
arxiv,Analogical Concept Memory for Architectures Implementing the Common Model of Cognition,"Shiwali Mohan, Matthew Klenk",,2022-10-21T04:39:07Z
arxiv,Spontaneous Speech Variables for Evaluating LLMs Cognitive Plausibility,"Sheng-Fu Wang, Laurent Prevot, Jou-an Chi, Ri-Sheng Huang, Shu-Kai Hsieh",,2025-05-22T06:23:02Z
arxiv,Characterizing an Analogical Concept Memory for Architectures Implementing the Common Model of Cognition,"Shiwali Mohan, Matt Klenk, Matthew Shreve, Kent Evans, Aaron Ang, John Maxwell",,2020-06-02T21:54:03Z
arxiv,What does Kiki look like? Cross-modal associations between speech sounds and visual shapes in vision-and-language models,"Tessa Verhoef, Kiana Shahrasbi, Tom Kouwenhoven",,2024-07-25T12:09:41Z
arxiv,Using a cognitive architecture to consider antiBlackness in design and development of AI systems,Christopher L. Dancy,,2022-07-01T19:39:13Z
arxiv,Active inference and deep generative modeling for cognitive ultrasound,Ruud JG van Sloun,,2024-10-17T08:09:14Z
arxiv,AAAI 2022 Fall Symposium: System-1 and System-2 realized within the Common Model of Cognition,"Brendan Conway-Smith, Robert L. West",,2023-05-16T01:28:06Z
arxiv,Modeling a Cognitive Transition at the Origin of Cultural Evolution using Autocatalytic Networks,"Liane Gabora, Mike Steel",,2020-07-03T20:19:11Z
arxiv,SpectrumFM: Redefining Spectrum Cognition via Foundation Modeling,"Chunyu Liu, Hao Zhang, Wei Wu, Fuhui Zhou, Qihui Wu, Derrick Wing Kwan Ng, Chan-Byoung Chae",,2025-08-02T14:40:50Z
arxiv,Towards Psychologically-Grounded Dynamic Preference Models,"Mihaela Curmei, Andreas Haupt, Dylan Hadfield-Menell, Benjamin Recht",,2022-08-01T16:53:58Z
arxiv,A Multi-Agent Psychological Simulation System for Human Behavior Modeling,"Xiangen Hu, Jiarui Tong, Sheng Xu",,2025-11-04T14:28:03Z
arxiv,Toward an adequate mathematical model of mental space: conscious/unconscious dynamics on $m$-adic trees,Andrei Khrennikov,,2006-10-05T09:58:23Z
arxiv,Evolvable Psychology Informed Neural Network for Memory Behavior Modeling,"Xiaoxuan Shen, Zhihai Hu, Qirong Chen, Shengyingjie Liu, Ruxia Liang, Jianwen Sun",,2024-08-23T01:35:32Z
arxiv,Large Language Models as Psychological Simulators: A Methodological Guide,Zhicheng Lin,,2025-06-20T02:45:23Z
arxiv,"Extending Mixture of Experts Model to Investigate Heterogeneity of Trajectories: When, Where and How to Add Which Covariates","Jin Liu, Robert A. Perera",,2020-07-05T19:43:34Z
arxiv,Appraisal-Guided Proximal Policy Optimization: Modeling Psychological Disorders in Dynamic Grid World,"Hari Prasad, Chinnu Jacob, Imthias Ahamed T. P",,2024-07-29T19:19:54Z
arxiv,Markov chain models for inspecting response dynamics in psychological testing,Andrea Bosco,,2024-03-24T17:52:36Z
arxiv,Research on dynamic analysis and prediction model of tennis match based on Bayesian probability and analytic Hierarchy process,Chuangqi Li,,2024-06-30T08:59:11Z
arxiv,Extending Growth Mixture Model to Assess Heterogeneity in Joint Development with Piecewise Linear Trajectories in the Framework of Individual Measurement Occasions,"Jin Liu, Robert A. Perera",,2020-10-23T15:32:17Z
arxiv,"Simulating Psychological Risks in Human-AI Interactions: Real-Case Informed Modeling of AI-Induced Addiction, Anorexia, Depression, Homicide, Psychosis, and Suicide","Chayapatr Archiwaranguprok, Constanze Albrecht, Pattie Maes, Karrie Karahalios, Pat Pataranutaporn",,2025-11-12T01:32:10Z
arxiv,Quantum cognition goes beyond-quantum: modeling the collective participant in psychological measurements,"Diederik Aerts, Massimiliano Sassoli de Bianchi, Sandro Sozzo, Tomas Veloz",,2018-02-24T08:23:11Z
arxiv,Adapting Deep Network Features to Capture Psychological Representations,"Joshua C. Peterson, Joshua T. Abbott, Thomas L. Griffiths",,2016-08-06T23:49:48Z
arxiv,FED-PsyAU: Privacy-Preserving Micro-Expression Recognition via Psychological AU Coordination and Dynamic Facial Motion Modeling,"Jingting Li, Yu Qian, Lin Zhao, Su-Jing Wang",,2025-07-28T06:42:15Z
arxiv,Beyond-Quantum Modeling of Question Order Effects and Response Replicability in Psychological Measurements,"Diederik Aerts, Massimiliano Sassoli de Bianchi",,2015-08-15T02:07:30Z
arxiv,Fitting Prediction Rule Ensembles to Psychological Research Data: An Introduction and Tutorial,"Marjolein Fokkema, Carolin Strobl",,2019-07-11T15:23:31Z
arxiv,Philosophy of Cognitive Science in the Age of Deep Learning,Raphaël Millière,,2024-05-07T06:39:47Z
arxiv,Networks in Cognitive Science,"Andrea Baronchelli, Ramon Ferrer-i-Cancho, Romualdo Pastor-Satorras, Nick Chater, Morten H. Christiansen",,2013-04-24T20:16:21Z
arxiv,Discovering dynamical laws for speech gestures,Sam Kirkham,,2025-04-07T09:03:32Z
arxiv,Vector Symbolic Architectures answer Jackendoff's challenges for cognitive neuroscience,Ross W. Gayler,,2004-12-13T08:00:55Z
arxiv,What is Cognitive Computing? An Architecture and State of The Art,"Samaa Elnagar, Manoj A. Thomas, Kweku-Muata Osei-Bryson",,2023-01-02T21:45:52Z
arxiv,Can generative AI and ChatGPT outperform humans on cognitive-demanding problem-solving tasks in science?,"Xiaoming Zhai, Matthew Nyaaba, Wenchao Ma",,2024-01-07T12:36:31Z
arxiv,Interdisciplinarity at the Journal and Specialty Level: The changing knowledge bases of the journal Cognitive Science,"Loet Leydesdorff, Robert L. Goldstone",,2012-12-04T19:02:40Z
arxiv,Cognitive Science in the era of Artificial Intelligence: A roadmap for reverse-engineering the infant language-learner,Emmanuel Dupoux,,2016-07-29T08:33:10Z
arxiv,Quantifying the Cognitive Extent of Science,Staša Milojević,,2015-10-30T22:21:45Z
arxiv,CogErgLLM: Exploring Large Language Model Systems Design Perspective Using Cognitive Ergonomics,"Azmine Toushik Wasi, Mst Rafia Islam",,2024-07-03T07:59:52Z
arxiv,Language Cognition and Language Computation -- Human and Machine Language Understanding,"Shaonan Wang, Nai Ding, Nan Lin, Jiajun Zhang, Chengqing Zong",,2023-01-12T02:37:00Z
arxiv,Measuring Cognitive Abilities in the Wild: Validating a Population-Scale Game-Based Cognitive Assessment,"Mads Kock Pedersen, Carlos Mauricio Castaño Díaz, Qian Janice Wang, Mario Alejandro Alba-Marrugo, Ali Amidi, Rajiv Vaid Basaiawmoit, Carsten Bergenholtz, Morten H. Christiansen, Miroslav Gajdacz, Ralph Hertwig, Byurakn Ishkhanyan, Kim Klyver, Nicolai Ladegaard, Kim Mathiasen, Christine Parsons, Janet Rafner, Anders Ryom Villadsen, Mikkel Wallentin, Blanka Zana, Jacob Friis Sherson",,2020-09-11T08:19:06Z
arxiv,Distribution of Cognitive Load in Web Search,Jacek Gwizdka,,2010-05-08T15:37:54Z
arxiv,Using Machine Learning to Guide Cognitive Modeling: A Case Study in Moral Reasoning,"Mayank Agrawal, Joshua C. Peterson, Thomas L. Griffiths",,2019-02-18T19:01:05Z
arxiv,Cognitive Workspace: Active Memory Management for LLMs -- An Empirical Study of Functional Infinite Context,Tao An,,2025-08-08T16:32:47Z
arxiv,Cognitive network science for understanding online social cognitions: A brief review,Massimo Stella,,2021-02-25T11:53:28Z
arxiv,Beyond Isolation: Towards an Interactionist Perspective on Human Cognitive Bias and AI Bias,Nick von Felten,,2025-04-26T01:24:19Z
arxiv,Distributed Cognition for AI-supported Remote Operations: Challenges and Research Directions,"Rune Møberg Jacobsen, Joel Wester, Helena Bøjer Djernæs, Niels van Berkel",,2025-04-21T09:53:49Z
arxiv,Temporal Dynamics of Emotion and Cognition in Human Translation: Integrating the Task Segment Framework and the HOF Taxonomy,Michael Carl,,2024-05-06T02:07:13Z
arxiv,Intelligent Interaction Strategies for Context-Aware Cognitive Augmentation,"Xiangrong, Zhu, Yuan Xu, Tianjian Liu, Jingwei Sun, Yu Zhang, Xin Tong",,2025-04-18T13:35:21Z
arxiv,"A mechanistic model of connector hubs, modularity, and cognition","Maxwell A. Bertolero, B. T. T. Yeo, Danielle S. Bassett, Mark D'Esposito",,2018-03-21T19:55:37Z
arxiv,Emotion in Cognitive Architecture: Emergent Properties from Interactions with Human Emotion,Junya Morita,,2022-12-28T23:50:27Z
arxiv,Who/What is My Teammate? Team Composition Considerations in Human-AI Teaming,"Nathan J. McNeese, Beau G. Schelble, Lorenzo Barberis Canonico, Mustafa Demir",,2021-05-23T19:06:18Z
arxiv,Trust and Cognitive Load During Human-Robot Interaction,"Muneeb Imtiaz Ahmad, Jasmin Bernotat, Katrin Lohan, Friederike Eyssel",,2019-09-11T15:56:22Z
arxiv,"Calculating Cognitive Augmentation, A Case Study",Ron Fulbright,,2022-11-11T20:48:29Z
arxiv,Cognitive Load-based Affective Workload Allocation for Multi-human Multi-robot Teams,"Wonse Jo, Ruiqi Wang, Baijian Yang, Dan Foti, Mo Rastgaar, Byung-Cheol Min",,2023-03-18T18:01:39Z
arxiv,Cognitive Dissonance Artificial Intelligence (CD-AI): The Mind at War with Itself. Harnessing Discomfort to Sharpen Critical Thinking,Delia Deliu,,2025-04-23T03:18:05Z
arxiv,Grip force as a functional window to somatosensory cognition,Birgitta Dresp-Langley,,2022-10-16T16:58:07Z
arxiv,On Measuring Cognition and Cognitive Augmentation,Ron Fulbright,,2022-11-11T20:37:45Z
arxiv,On the Cognition of Visual Question Answering Models and Human Intelligence: A Comparative Study,"Liben Chen, Long Chen, Tian Ellison-Chen, Zhuoyuan Xu",,2023-10-04T02:06:48Z
arxiv,Human Cognition and Language Processing with Neural-Lexicon Hypothesis,"Zang-Hee Cho, Sun-Ha Paek, Young-Bo Kim, Taigyoun Cho, Hyejin Jeong, Haigun Lee",,2022-10-24T05:31:09Z
arxiv,Designing AI Systems that Augment Human Performed vs. Demonstrated Critical Thinking,"Katelyn Xiaoying Mei, Nic Weber",,2025-04-20T17:40:28Z
arxiv,A Planck Radiation and Quantization Scheme for Human Cognition and Language,"Diederik Aerts, Lester Beltran",,2022-01-10T12:13:23Z
arxiv,CogReact: A Reinforced Framework to Model Human Cognitive Reaction Modulated by Dynamic Intervention,"Songlin Xu, Xinyu Zhang",,2023-01-15T23:46:37Z
arxiv,The Role of Reciprocity and Directionality of Friendship Ties in Promoting Behavioral Change,"Abdullah Almaatouq, Laura Radaelli, Alex Pentland, Erez Shmueli",,2016-10-12T23:41:01Z
arxiv,Behavioral Switching Loss Modeling of Inverter Modules,"Kateryna Stoyka, Ricieri Akihito Pessinatti Ohashi, Nicola Femia",,2019-06-11T08:05:52Z
arxiv,Behavioral Sequence Modeling with Ensemble Learning,"Maxime Kawawa-Beaudan, Srijan Sood, Soham Palande, Ganapathy Mani, Tucker Balch, Manuela Veloso",,2024-11-04T15:34:28Z
arxiv,Policy-focused Agent-based Modeling using RL Behavioral Models,"Osonde A. Osoba, Raffaele Vardavas, Justin Grana, Rushil Zutshi, Amber Jaycocks",,2020-06-09T04:55:07Z
arxiv,Persistence in voting behavior: stronghold dynamics in elections,"Toni Pérez, Juan Fernández-Gracia, Jose J. Ramasco, Víctor M. Eguíluz",,2015-03-23T15:48:30Z
arxiv,LA-LDA: A Limited Attention Topic Model for Social Recommendation,"Jeon-Hyung Kang, Kristina Lerman, Lise Getoor",,2013-01-26T18:26:36Z
arxiv,Multimodal AI-based visualization of strategic leaders' emotional dynamics: a deep behavioral analysis of Trump's trade war discourse,Wei Meng,,2025-05-22T06:19:57Z
arxiv,Automata Describing Object Behavior,"Bernhard Rumpe, Cornel Klein",,2014-11-10T13:09:48Z
arxiv,Understanding the Hoarding Behaviors during the COVID-19 Pandemic using Large Scale Social Media Data,"Xupin Zhang, Hanjia Lyu, Jiebo Luo",,2020-10-15T16:02:25Z
arxiv,Understanding Illicit Drug Use Behaviors by Mining Social Media,"Yiheng Zhou, Numair Sani, Chia-Kuei Lee, Jiebo Luo",,2016-04-24T23:51:22Z
arxiv,A Mathematical Model for the Behavior of Pedestrians,Dirk Helbing,,1998-05-18T07:28:24Z
arxiv,How Different AI Chatbots Behave? Benchmarking Large Language Models in Behavioral Economics Games,"Yutong Xie, Yiyao Liu, Zhuang Ma, Lin Shi, Xiyuan Wang, Walter Yuan, Matthew O. Jackson, Qiaozhu Mei",,2024-12-16T21:25:45Z
arxiv,A Story of Two Streams: Reinforcement Learning Models from Human Behavior and Neuropsychiatry,"Baihan Lin, Guillermo Cecchi, Djallel Bouneffouf, Jenna Reinen, Irina Rish",,2019-06-21T03:31:37Z
arxiv,Towards behavioral consistency in heterogeneous modeling scenarios,Tim Kräuter,,2024-04-19T15:15:26Z
arxiv,Unforgettable Generalization in Language Models,"Eric Zhang, Leshem Chosen, Jacob Andreas",,2024-09-03T18:55:54Z
arxiv,Behavior Gated Language Models,"Prashanth Gurunath Shivakumar, Shao-Yen Tseng, Panayiotis Georgiou, Shrikanth Narayanan",,2019-08-31T02:10:32Z
arxiv,Inverse Resource Rational Based Stochastic Driver Behavior Model,"Mehmet Ozkan, Yao Ma",,2022-07-14T17:40:02Z
arxiv,Large language models for behavioral modeling: A literature survey,Muhammad Laiq,,2025-09-29T13:43:02Z
arxiv,Two-step growth mixture model to examine heterogeneity in nonlinear trajectories,"Jin Liu, Le Kang, Roy T. Sabo, Robert M. Kirkpatrick, Robert A. Perera",,2019-11-22T09:17:47Z
arxiv,From Forest to Zoo: Great Ape Behavior Recognition with ChimpBehave,"Michael Fuchs, Emilie Genty, Adrian Bangerter, Klaus Zuberbühler, Paul Cotofrei",,2024-05-30T13:11:08Z
arxiv,Emotion Recognition in the Wild using Deep Neural Networks and Bayesian Classifiers,"Luca Surace, Massimiliano Patacchiola, Elena Battini Sönmez, William Spataro, Angelo Cangelosi",,2017-09-12T13:09:22Z
arxiv,SAFER: Situation Aware Facial Emotion Recognition,"Mijanur Palash, Bharat Bhargava",,2023-06-14T20:42:26Z
arxiv,EMERSK -- Explainable Multimodal Emotion Recognition with Situational Knowledge,"Mijanur Palash, Bharat Bhargava",,2023-06-14T17:52:37Z
arxiv,Contextual Emotion Recognition using Large Vision Language Models,"Yasaman Etesam, Özge Nilay Yalçın, Chuxuan Zhang, Angelica Lim",,2024-05-14T23:24:12Z
arxiv,Meta Transfer Learning for Emotion Recognition,"Dung Nguyen, Sridha Sridharan, Duc Thanh Nguyen, Simon Denman, David Dean, Clinton Fookes",,2020-06-23T00:25:28Z
arxiv,Leveraging Semantic Scene Characteristics and Multi-Stream Convolutional Architectures in a Contextual Approach for Video-Based Visual Emotion Recognition in the Wild,"Ioannis Pikoulis, Panagiotis P. Filntisis, Petros Maragos",,2021-05-16T17:31:59Z
arxiv,PSO Fuzzy XGBoost Classifier Boosted with Neural Gas Features on EEG Signals in Emotion Recognition,Seyed Muhammad Hossein Mousavi,,2024-07-13T17:15:23Z
arxiv,E-ICL: Enhancing Fine-Grained Emotion Recognition through the Lens of Prototype Theory,"Zhaochun Ren, Zhou Yang, Chenglong Ye, Yufeng Wang, Haizhou Sun, Chao Chen, Xiaofei Zhu, Yunbing Wu, Xiangwen Liao",,2024-06-04T10:59:43Z
arxiv,Quality-Controlled Multimodal Emotion Recognition in Conversations with Identity-Based Transfer Learning and MAMBA Fusion,"Zanxu Wang, Homayoon Beigi",,2025-11-18T23:24:27Z
arxiv,Enhancing Student Engagement in Online Learning through Facial Expression Analysis and Complex Emotion Recognition using Deep Learning,"Rekha R Nair, Tina Babu, Pavithra K",,2023-11-17T06:07:54Z
arxiv,Emotional Voice Messages (EMOVOME) database: emotion recognition in spontaneous voice messages,"Lucía Gómez Zaragozá, Rocío del Amor, Elena Parra Vargas, Valery Naranjo, Mariano Alcañiz Raya, Javier Marín-Morales",,2024-02-27T13:22:47Z
arxiv,Double Multi-Head Attention Multimodal System for Odyssey 2024 Speech Emotion Recognition Challenge,"Federico Costa, Miquel India, Javier Hernando",,2024-06-15T11:11:06Z
arxiv,Continuous Learning Based Novelty Aware Emotion Recognition System,"Mijanur Palash, Bharat Bhargava",,2023-06-14T20:34:07Z
arxiv,Multimodal Emotion Recognition with Modality-Pairwise Unsupervised Contrastive Loss,"Riccardo Franceschini, Enrico Fini, Cigdem Beyan, Alessandro Conti, Federica Arrigoni, Elisa Ricci",,2022-07-23T10:11:24Z
arxiv,I Know How You Feel: Emotion Recognition with Facial Landmarks,"Ivona Tautkute, Tomasz Trzcinski, Adam Bielski",,2018-04-22T19:06:50Z
arxiv,Sensing technologies and machine learning methods for emotion recognition in autism: Systematic review,"Oresti Banos, Zhoe Comas-González, Javier Medina, Aurora Polo-Rodríguez, David Gil, Jesús Peral, Sandra Amador, Claudia Villalonga",,2024-05-15T19:48:04Z
arxiv,"AVEC 2016 - Depression, Mood, and Emotion Recognition Workshop and Challenge","Michel Valstar, Jonathan Gratch, Bjorn Schuller, Fabien Ringeval, Denis Lalanne, Mercedes Torres Torres, Stefan Scherer, Guiota Stratou, Roddy Cowie, Maja Pantic",,2016-05-05T14:04:50Z
arxiv,EMOVOME: A Dataset for Emotion Recognition in Spontaneous Real-Life Speech,"Lucía Gómez-Zaragozá, Rocío del Amor, María José Castro-Bleda, Valery Naranjo, Mariano Alcañiz Raya, Javier Marín-Morales",,2024-03-04T16:13:39Z
arxiv,Leveraging Recent Advances in Deep Learning for Audio-Visual Emotion Recognition,"Liam Schoneveld, Alice Othmani, Hazem Abdelkawy",,2021-03-16T15:49:15Z
arxiv,Leveraging TCN and Transformer for effective visual-audio fusion in continuous emotion recognition,"Weiwei Zhou, Jiada Lu, Zhaolong Xiong, Weifeng Wang",,2023-03-15T04:15:57Z
arxiv,Technology in Association With Mental Health: Meta-ethnography,Hamza Mohammed,,2023-07-20T01:25:08Z
arxiv,"""It Listens Better Than My Therapist"": Exploring Social Media Discourse on LLMs as Mental Health Tool",Anna-Carolina Haensch,,2025-04-14T17:37:32Z
arxiv,Usable Security for ML Systems in Mental Health: A Framework,"Helen Jiang, Erwen Senge",,2020-08-18T04:44:47Z
arxiv,Robotics Technology in Mental Health Care,Laurel D. Riek,,2015-11-07T01:58:51Z
arxiv,Financial technologies (FinTech) for mental health: The potential of objective financial data to better understand the relationships between financial behavior and mental health,"Johnna Blair, Jeff Brozena, Mark Matthews, Thomas Richardson, Saeed Abdullah",,2022-04-11T23:56:09Z
arxiv,"The Impact of Medicaid Coverage on Mental Health, Why Insurance Makes People Happier in OHIE: by Spending Less or by Spending More?",Yangyang Li,,2025-10-16T17:28:43Z
arxiv,On the State of Social Media Data for Mental Health Research,"Keith Harrigian, Carlos Aguirre, Mark Dredze",,2020-11-10T16:45:52Z
arxiv,The Cost-Benefit of Interdisciplinarity in AI for Mental Health,"Katerina Drakos, Eva Paraschou, Simay Toplu, Line Harder Clemmensen, Christoph Lütge, Nicole Nadine Lønfeldt, Sneha Das",,2025-10-21T12:34:44Z
arxiv,Envisioning an AI-Enhanced Mental Health Ecosystem,"Kellie Yu Hui Sim, Kenny Tsu Wei Choo",,2025-03-19T04:21:38Z
arxiv,Learning to Generate Context-Sensitive Backchannel Smiles for Embodied AI Agents with Applications in Mental Health Dialogues,"Maneesh Bilalpur, Mert Inan, Dorsa Zeinali, Jeffrey F. Cohn, Malihe Alikhani",,2024-02-13T22:47:22Z
arxiv,Mental Health and Sensing,"Abdul Kawsar Tushar, Muhammad Ashad Kabir, Syed Ishtiaque Ahmed",,2020-09-26T00:43:51Z
arxiv,The opportunities and risks of large language models in mental health,"Hannah R. Lawrence, Renee A. Schneider, Susan B. Rubin, Maja J. Mataric, Daniel J. McDuff, Megan Jones Bell",,2024-03-21T19:59:52Z
arxiv,Foundations of GenIR,"Qingyao Ai, Jingtao Zhan, Yiqun Liu",,2025-01-06T08:38:29Z
arxiv,Large Language Models for Interpretable Mental Health Diagnosis,"Brian Hyeongseok Kim, Chao Wang",,2025-01-13T19:26:09Z
arxiv,Predicting and Understanding College Student Mental Health with Interpretable Machine Learning,"Meghna Roy Chowdhury, Wei Xuan, Shreyas Sen, Yixue Zhao, Yi Ding",,2025-03-11T03:07:37Z
arxiv,Curriculum-guided Abstractive Summarization for Mental Health Online Posts,"Sajad Sotudeh, Nazli Goharian, Hanieh Deilamsalehy, Franck Dernoncourt",,2023-02-02T08:48:26Z
arxiv,IoT-Based Preventive Mental Health Using Knowledge Graphs and Standards for Better Well-Being,"Amelie Gyrard, Seyedali Mohammadi, Manas Gaur, Antonio Kung",,2024-06-19T19:35:14Z
arxiv,Toward Safe Evolution of Artificial Intelligence (AI) based Conversational Agents to Support Adolescent Mental and Sexual Health Knowledge Discovery,"Jinkyung Park, Vivek Singh, Pamela Wisniewski",,2024-04-03T19:18:25Z
arxiv,A Case for Leveraging Generative AI to Expand and Enhance Training in the Provision of Mental Health Services,"Hannah R. Lawrence, Shannon Wiltsey Stirman, Samuel Dorison, Taedong Yun, Megan Jones Bell",,2025-10-08T23:44:52Z
arxiv,When Testing AI Tests Us: Safeguarding Mental Health on the Digital Frontlines,"Sachin R. Pendse, Darren Gergle, Rachel Kornfield, Jonah Meyerhoff, David Mohr, Jina Suh, Annie Wescott, Casey Williams, Jessica Schleider",,2025-04-29T16:27:20Z
arxiv,Adjoint computations by algorithmic differentiation of a parallel solver for time-dependent PDEs,"J. I. Cardesa, L. Hascoët, C. Airiau",,2019-12-25T21:17:56Z
arxiv,Computing persistent Stiefel-Whitney classes of line bundles,Raphaël Tinarrage,,2020-05-26T06:56:58Z
arxiv,Computing Singularly Perturbed Differential Equations,"Sabyasachi Chatterjee, Amit Acharya, Zvi Artstein",,2017-07-06T19:58:50Z
arxiv,Improved multiscale computational strategies for delamination,"Olivier Allix, Pierre Gosselet, Pierre Kerfriden",,2011-09-28T06:53:00Z
arxiv,Accelerating computational modeling and design of high-entropy alloys,"Rahul Singh, Aayush Sharma, Prashant Singh, Ganesh Balasubramanian, Duane D. Johnson",,2020-10-22T23:19:28Z
arxiv,Computational Complexity of the Interleaving Distance,"Håvard Bakke Bjerkevik, Magnus Bakke Botnan",,2017-12-12T13:25:04Z
arxiv,Polynomial-time computing over quadratic maps I: sampling in real algebraic sets,"Dima Grigoriev, Dmitrii V. Pasechnik",,2004-03-06T08:20:38Z
arxiv,"The Monte Carlo Computational Summit -- October 25 & 26, 2023 -- Notre Dame, Indiana, USA","Joanna Piper Morgan, Alexander Mote, Samuel Lee Pasmann, Gavin Ridley, Todd Palmer, Kyle E. Niemeyer, Ryan McClarren",,2024-02-13T01:40:20Z
arxiv,Stabilizing the unstable output of persistent homology computations,"Paul Bendich, Peter Bubenik, Alexander Wagner",,2015-12-05T20:42:33Z
arxiv,Computational topology and the Unique Games Conjecture,"Joshua A. Grochow, Jamie Tucker-Foltz",,2018-03-19T04:15:41Z
arxiv,Propositional computability logic I,Giorgi Japaridze,,2004-04-09T00:55:23Z
arxiv,Million Atom Electronic Structure and Device Calculations on Peta-Scale Computers,"Sunhee Lee, Hoon Ryu, Zhengping Jiang, Gerhard Klimeck",,2010-03-24T01:54:26Z
arxiv,Computing quantum phase transitions,Thomas Vojta,,2007-09-06T22:20:41Z
arxiv,Automated Generation of High-Performance Computational Fluid Dynamics Codes,"Sandra Macià, Pedro J. Martıínez-Ferrer, Eduard Ayguadé, Vicenç Beltran",,2022-04-26T07:26:36Z
arxiv,ExpTrialMng: A Universal Experiment Trial Manager for AR/VR/MR Experiments based on Unity,"Jinwook Kim, Yee Joon Kim, Jeongmi Lee",,2022-09-07T07:18:06Z
arxiv,A computational framework for the morpho-elastic development of molluskan shells by surface and volume growth,"Shiva Rudraraju, Derek E. Moulton, Régis Chirat, Alain Goriely, Krishna Garikipati",,2019-01-02T21:50:45Z
arxiv,Deep Learning: A Tool for Computational Nuclear Physics,"Gianina Alina Negoita, Glenn R. Luecke, James P. Vary, Pieter Maris, Andrey M. Shirokov, Ik Jae Shin, Youngman Kim, Esmond G. Ng, Chao Yang",,2018-03-08T17:34:19Z
arxiv,Composable Rate-Independent Computation in Continuous Chemical Reaction Networks,"Cameron Chalk, Niels Kornerup, Wyatt Reeves, David Soloveichik",,2019-06-27T00:20:11Z
arxiv,OpenSBLI: A framework for the automated derivation and parallel execution of finite difference solvers on a range of computer architectures,"Christian T. Jacobs, Satya P. Jammy, Neil D. Sandham",,2016-09-05T10:11:31Z
